title,id,bytes,captured,model,dims,dur,gps
31575641-D040-4CC2-A7E8-62389365A72D_1_105_c.jpeg,1B24FveRrZ77kv-hP1hFmKTkYyFkwOrhc,302742,2022-12-25 09:10:16,Apple iPhone 14,768x1024,,yes
85DFFD44-1E47-4B70-A8C0-77448CC93472.MOV,1ulAA7OFcnnJutdBoieH7ffz6mtEtKCeH,2218942,2023-02-13 00:14:14,,,00:00:17.73,
C145184A-0722-46F6-BF5F-95D0C63CAE76_1_105_c.jpeg,1iIWeJ3oG91Zkoir5L8awynHvz4h2FKJb,98233,,,665x1182,,
E5E19FA8-7BB0-4F71-A6BF-FD2224F5576B_1_105_c.jpeg,1MLfACSclcCSTIVtlzNhbaDN-PM2geWoI,227351,2023-05-30 20:42:08,Apple iPhone 14,768x1024,,yes
EA632B82-C78D-428D-B86B-83775031CB28_4_5005_c.jpeg,1qyH9M07FJvLR8zaJMEYnrU-A12suakg-,39652,,,323x576,,
IMG_0897.JPG,1vN35SuS2XGWCO2OlaJKMVXTGcaAVZusZ,1167109,2022-11-17 18:08:12,Apple iPhone 14,3520x1980,,yes
IMG_0898.JPG,1RiB065bpWm_u681PI2-CEwNL61VRMUE6,1083450,2022-11-17 18:08:18,Apple iPhone 14,3520x1980,,yes
IMG_1034.HEIC,1UfHKRPUDoyUIyIXf5qCZvqGuLL3sy89X,1237907,2022-11-19 19:51:44,Apple iPhone 14,3024x4032,,yes
IMG_1035.HEIC,1AviA8gYv4EsCtvMjWFKFMF1yd6yAMevl,1397783,2022-11-19 19:51:58,Apple iPhone 14,3024x4032,,yes
IMG_1036.HEIC,168bmfrmdwCldcJd8OZxeMcBxVHvjc886,1342209,2022-11-19 19:52:02,Apple iPhone 14,3024x4032,,yes
IMG_1055.HEIC,187zH4LGBu0LvTZr1ZIBMs7t_wruqp5DJ,665927,2022-11-22 18:26:57,Apple iPhone 14,3024x4032,,yes
IMG_1056.HEIC,1nQeOR_qlFOvavLRRFIgUOpStaKwBT7j0,714907,2022-11-22 18:27:12,Apple iPhone 14,3024x4032,,yes
IMG_1057.HEIC,1ZxnAu5QpJROoawKzi0eg6l5mMLvovtAo,848556,2022-11-22 18:27:16,Apple iPhone 14,3024x4032,,yes
IMG_1058.HEIC,1auc2ACIaK6ma33YEQpOSdE8JSHFjYkty,1029634,2022-11-22 18:27:28,Apple iPhone 14,3024x4032,,yes
IMG_1480.HEIC,1dJT0TnuZ6Rg5Hp9UEpKWPntGhUm7NW2Q,2093852,2022-12-24 21:11:20,Apple iPhone 14,3024x4032,,yes
IMG_1481.HEIC,1XZXQmitIcWasfdvWno3hEhQOSLPFg7yF,2233155,2022-12-24 21:11:24,Apple iPhone 14,3024x4032,,yes
IMG_1482.HEIC,1i6qwOuLIXPNs8MVKvAnVbR43ubk8PdyB,2218424,2022-12-24 21:11:27,Apple iPhone 14,3024x4032,,yes
IMG_1485.HEIC,12gskoDTTpj9bmy-t4NaOtdy-7MQaXq6r,1657777,2022-12-25 09:07:56,Apple iPhone 14,3024x4032,,yes
IMG_1489.HEIC,1zC6PdQmkjoneOqVQBNKNxiLHc9emEwZE,1788560,2022-12-25 09:08:12,Apple iPhone 14,3024x4032,,yes
IMG_1492.HEIC,1PlHUARXdEKW4ciYrKB0YzT4CuDE7z99r,1995878,2022-12-25 09:10:33,Apple iPhone 14,3024x4032,,yes
IMG_2261.HEIC,1Y5kpnsLKqBW7fTJ1H0r36glIiS-nUc1G,4789497,2025-09-19 09:24:18,Apple iPhone 16,4284x5712,,yes
IMG_2263.heic,10sn_C8K5hIZCijNA5nLEtRoGyNYYi46h,5127064,2025-09-19 09:24:44,Apple iPhone 16,4284x5712,,yes
IMG_2268.HEIC,1-NhDIlaxvCY1Qju5qWMKwncF6Jgz8nIT,4084686,2025-09-19 11:05:40,Apple iPhone 16,4284x5712,,yes
IMG_2275.HEIC,1q3xS7y3b2fKyvc7F3lOliawvq8RH_8-W,3993473,2025-09-19 13:54:34,Apple iPhone 16,4284x5712,,yes
IMG_2277.HEIC,1jrKT2CZwjhiXj3SkRf0Yd65Sgh8oYRfA,3107907,2025-09-19 13:54:53,Apple iPhone 16,4284x5712,,yes
IMG_2280.HEIC,1mX6pR58E71badAUBKzr042PvFriIuZTh,2999611,2025-09-19 13:55:25,Apple iPhone 16,4284x5712,,yes
IMG_2438.HEIC,1tcZIanBmJr0d1Rg5Ym8GxPmky4X0NOVo,1879045,2025-09-26 05:41:08,Apple iPhone 16,3024x4032,,yes
IMG_2446.HEIC,1ErlUTN9V3_lSqTKrpQQLTeCtic98ShAn,1173813,2025-09-26 15:45:17,Apple iPhone 16,3024x4032,,
IMG_2447.HEIC,17pTEBLkTsX0Oe8aBEKYTsxHdO_I2oefJ,2339557,2025-09-26 15:46:20,Apple iPhone 16,3024x4032,,
IMG_2479.PNG,1srv5Nqa91RPoyvPdU12uQ3pDqE4wlk-O,2943760,2025-09-28 05:17:58,,1179x2556,,
IMG_2480.PNG,13gfmreYXu07vlMjnX45Ubq2__cVujvvk,3274327,2025-09-28 05:18:00,,1179x2556,,
IMG_2809.JPG,1ZGLTDiv0vNNXIHMYyRZIN1_mSUr4iTqe,542984,,,1275x1964,,
IMG_2825.HEIC,1Xv-wMLglCfcmtW7DeK26NagJjHjc2gOo,1688018,2023-02-18 17:07:53,Apple iPhone 14,3024x4032,,yes
IMG_2827.HEIC,1gOwXx-9nHcaizaISoDpPJ3x3O1BWkglZ,1399710,2023-02-18 17:08:05,Apple iPhone 14,3024x4032,,yes
IMG_2847.HEIC,1oS9gm9IT90woKcWBwwKHJzU1unz4qXaL,2158482,2023-02-19 14:31:20,Apple iPhone 14,3024x4032,,yes
IMG_2848.HEIC,1lf4bnQfDrFEKfWE_eSu2dWGPyuQOCg5f,1906360,2023-02-19 14:31:23,Apple iPhone 14,3024x4032,,yes
IMG_2850.HEIC,1xbMdk_HHldbbrW8_IljEvO7JZ7MdonOq,1670511,2023-02-19 14:31:34,Apple iPhone 14,3024x4032,,yes
IMG_2851.HEIC,1FF3I-9EFtcmhJ2fAiEmPRrYvctA0aESs,1664641,2023-02-19 14:31:37,Apple iPhone 14,3024x4032,,yes
IMG_2857.HEIC,1_E7mEe3nBIBjWFlRmcAoIHuyGRD2hY65,954686,2023-02-19 16:50:29,Apple iPhone 14,3024x4032,,yes
IMG_4462.HEIC,17-Qkzev9kdZttdHKzU_MKEg1257gdWS4,1371210,2023-05-06 21:12:50,Apple iPhone 14,3024x4032,,yes
IMG_4508.HEIC,1d9RiC3Ml32b25qAGCZuvl9j9X7dAJ-7-,1629915,2023-05-12 21:43:32,Apple iPhone 14,3024x4032,,yes
IMG_4509.HEIC,1EQmVJ7a0i2FRrbaZhTTF79wW_Bem7JFa,1640786,2023-05-12 21:43:35,Apple iPhone 14,3024x4032,,yes
IMG_4511.HEIC,1Hq1e6kgXYJpudVAdto7M-DWjvavMZYD8,1983249,2023-05-12 21:43:44,Apple iPhone 14,3024x4032,,yes
IMG_4983.HEIC,1YoG3A4TRfAQnIfatC_KHmpH2gReW5vtr,1756213,2023-05-29 15:27:35,Apple iPhone 14,3024x4032,,yes
IMG_4992.HEIC,1c1e0i4vx4zmwt1FHhHQDdAn6d0eDLuDS,2227636,2023-05-29 18:20:39,Apple iPhone 14,3024x4032,,yes
IMG_4994.HEIC,19z06AJTfE6Fozb5nSjhGHkEBi8OfvPz8,1535269,2023-05-29 18:22:24,Apple iPhone 14,3024x4032,,yes
IMG_5010.HEIC,1EOWaUmWK-xvdTM-ICF9A10Up3TSSnt3A,1515085,2023-05-30 20:42:08,Apple iPhone 14,3024x4032,,yes
IMG_5013.HEIC,1xe1kowqu2zqEdJiyQJxf6Ca4VfjiJKbP,1358544,2023-05-30 20:42:36,Apple iPhone 14,3024x4032,,yes
IMG_5016.MOV,1KqXsdFaBAj2IVt58TJAnU-GrA9RosJ8l,4870574,2026-08-28 21:38:36,,,00:00:02.40,
IMG_5020.HEIC,1roR8HAmpxeJk8TSu1FWFEUXlsJQO3AW0,1576069,2023-05-31 15:56:26,Apple iPhone 14,3024x4032,,yes
IMG_5023.HEIC,1OtsLte18HIEdFOEb3cvT00NKrHBeoWY9,2167745,2023-05-31 15:57:11,Apple iPhone 14,3024x4032,,yes
IMG_8696.JPG,1NU1DpFmfxCAVhqkszrPvvnQ2PRLjii-U,468264,2023-02-12 15:30:07,,1206x2208,,
IMG_8697.JPG,1tCJqzVOD1F2FeFdlWUZ-OBkKgtlEFTED,493665,2023-02-12 15:30:17,,1206x2208,,
IMG_8698.JPG,1VqQ53Z6_A8QUQrl-R76nvBhdWlMPhcye,405616,2023-02-12 15:42:24,,1206x2208,,
IMG_8700.JPG,11USUfyelyWO86TfXyIQRN9p3oziJD0Qi,521400,2023-02-12 15:43:00,,1206x2208,,
IMG_8701.jpg,1aEIEf3tHW8Z7_eld7gwCDZms2bev_E-2,621987,2023-02-12 15:43:12,,2208x1206,,
IMG_8702.JPG,1DmOL_MiF4xgVWICFvXbbzw6DpvLNZIhm,435173,2023-02-12 15:43:23,,1206x2208,,
IMG_9286.HEIC,1KwiC4hMAD7npB2w-YDedIPnmZGJ161qq,1996019,2022-04-17 14:54:52,Apple iPhone XR,3024x4032,,yes
Resized_Resized_20221210_152305.JPG,1Tcf8w5zJ8arGin1SRkteSwCPpIDG-tJU,188924,,,1024x1024,,
Resized_Resized_20221210_152450.JPG,1Yaou6bp1-EAxZ84P6wCecIQtHyXUExZ8,165990,,,1024x1024,,
